61,-1,AcmUMHgQPhEI7in4C9jV
50,-8,k59g1XxyoFl5r9FjTq1W
61,-10,ABly2H0dlaFUVxUo7C2y
57,-12,PdoTDJyMcX5ZHbbSSXEf
49,-9,wOZt7KLwJ2nmO8wxYLea
58,-10,i5gk83zGSJDnJRweQcmG
56,1,xWqiAGRclQ4aIhn8IO5b
48,-7,3pGKKQ3FcUTp1fbaAEGl
55,-1,V4OYRT38WsAOMd6gfr2t
60,-9,ajSVera6dJiD6qamv3pF
58,-6,Fd9DjQ4laHrmesao1k8G
55,1,M0HEKM7TOFdlogYOSLcL
64,1,OI1vu9icJ4SkW3znAILa
55,-5,buN5b1dH4fTTn5SX9lNu
48,-2,9XO46TYtDs91djX7kzfE
64,0,dHC7OES8cR9dBkech7dU
55,-1,kszCfu0dgIJhKUexl5TC
50,-10,SHVC9gdCz3nKDOxT1IDi
56,-2,BpYTPCACTG3vOVs9Ksgc
64,-8,WNKuiWu9AumXrB3SALOY
50,-12,3DXPW9Mp51njjljYzTs5
59,1,RSYvVDiJBdABVL8XHVel
57,0,4XRwgyzJZxeTsXjM3Cjs
52,1,dmPxvI6A5BQXk5RI64yE
61,-1,kzRI3sdOTLEloF4VwvIS
48,-7,5vLdsQr2tuC2kuTFcQlm
57,1,0kUYRP3dvlNtIfmV6E0d
62,-10,t3x0KitnLV6C96wzn53A
58,-12,YNaUJvWLV8QG6967o3lv
54,0,bFzlaLVcq2sBXl0NqcOc
59,-10,5ekXqEE97YxFahzZvcuM
55,-6,0NsaP8QqPZiI5oVIOq28
56,-12,tsacrpjybhVtkPn8gF1Y
50,-2,T3nHHKk6vbsYKBNeX3X8
51,-9,z1p5WbyD9tArjDP8fJrG
58,-8,MTvupLvSzuYWE1fnEyxQ
49,1,Txk049qQFDLH2Y4O5wYn
48,-9,ACZl5j6oGplV2lncBhMs
58,-9,AlPlNpLC0YxbwWyqQQ9U
55,-5,NPoDmyqODJ7ellmlUfPC
55,-5,qyuVSS9T0qBcDGd1FDAc
63,-12,NjEz6kdEPhVlM1uQllqv
61,-8,Cz7f9ONSY2obTv1Pof1H
58,-8,muFQa2U6k2i6pzK8wMXG
58,-11,RNz96OgQmT3G6a17Fzzd
57,-9,S4xJNCntbs5xAXzSa07z
53,-9,lfZbxcawXgrrdc53MwAm
48,-7,JuItKevL2LgCqrXWH7rs
61,-8,THl1lrYk8LpoYkFnHUTK
51,-5,zqFrhp4MmShZKRCjK7Ym
60,-9,Jz4AUw3J2Eq25dKKG9hW
57,-10,7yQMxnObl0qenxtyy4sR
57,0,b63A6ZBObmQ0GRpCuuZv
59,-11,AsAsFqjHVvZDVTdYqQ8O
61,2,WqH6xYt4wgkXUPhxZNuc
59,-10,BcpnwmjVPcbaMUDJ5tBd
51,-9,C5oXYNjjonVAuBBL463a
61,-6,UHdBmn2MM6kLJ0UIkT1l
53,3,pU7PheOHLJZpryz8n0IL
48,-10,Ga5FH2XTVhF1uWzRgvnC
62,-13,QB66CoYrVbi3QcnDg3Rq
63,-6,SGd6jt9iUFcguNYBJtCW
61,-6,5Pkh6MBT7yePCCr2keZ2
50,-3,fOS6D3vYIDl5fchwGxky
48,3,nhxxf3b0k2e6efrAldIw
53,-10,x31OTZ6udniU8SZpdaqU
49,-5,ea5mMwkV7hJ8EJWCLw0q
58,-11,BjEwyyhUY0ocFNpSMtYU
56,-12,jO6jdMsKny8s1iDPlXa8
56,-8,xgV2BTUV9rDj9xskMgJ1
53,-7,3J9whnGjdL7806S6MKnN
60,0,omwWpdwKcP0VJzEQnMvu
51,-8,GK4UPFAJp8hDkSs2Ytmq
48,-5,NlhW0dzUYlLO0dMOTMzU
60,0,T81xyB1D03n7rgghVRQB
56,3,AkXFjt8ia6zgXi0KKiVb
59,2,Xv8Jfv8lWpHxXxQ4xXLS
53,-7,bYAnHInvWkfwjsdbs3Lz
48,-10,t7MNc6nYJpWvoAoHny7r
53,-2,yqctOXdAPO804wTtfZBi
63,-2,ZIGHIeh2PEauLQLS69Pb
59,-12,8095iBwMW4Dlq66wpvfk
53,-5,JQvhyIxGbUJyEhHt5gSS
61,1,Tth7VsfiiJzigtDTnQVM
52,-4,suumXlED38kMWTCihsyj
56,-10,3wGA1u86lcAXllBM8crC
58,-8,4Cn2w3umQDffo8a1zXou
56,-11,GZANEq4UM2n2rbtHHALj
49,-3,PCllXojEu577NnyVdZlX
50,-5,09jg1lBsxfjcEgx7oGCp
49,-10,gVdFNvC37ynhgCVKaJF0
56,-2,lzupMXKnbcBjNxVSed2s
61,3,6LuUL3OrofCNYDoEougB
58,-1,ZawWyCoZcoAjZwCu2sxE
61,-11,UD3KMslKilJ6ayMvDbON
60,3,wK9YCDaj3vlu0wjRTQlw
56,1,wfTTsWRvM7CfvsNXLAif
61,-8,k4vcLLUMVLH2nNDuD9Fr
55,-4,jLEIpJiXHtTo3SekxyvN
55,-3,C9e0EDKqnYXyEFFGtm0m
57,-7,PGZAzk8DdnXHold6GHik
54,-13,rlEG272r2aDrlp7cDh2S
59,-5,uq6o5XIv1VEwx5hbC29h
63,-3,cUA1iThg6osCUBeRvldc
60,-4,N63Ei7oP6hxY1Ev2bPNI
56,-11,0CuO2spNgPJNHz1G9WH8
51,2,Wp1UiYxUADNHhKlx2lbv
53,-6,tagVgrE1AIhf8OgXRosV
48,-5,cxl0eNpflvURq3GRqlIO
61,1,fweWyDB7371QAjUBL6R5
54,-10,bki2IM023KLcrakKBvfm
51,-13,iGVcmNfW3HkUYegsptyS
64,0,TXqhwn4t7lhYrZq5vw0S
62,-5,aNxZGleAEbxiZYisJWxy
56,2,hlcVelqih5GPcibzE8qI
51,-2,HwxdMjxyRB8SSpGlVvxY
62,2,RYASqIWlo6GqMWif6gZ2
49,2,6gHcRqY8Nx3d0VEcV3kz
61,-11,rbuHc2WvyKLfQCELTVDi
61,-12,dHeYGCCvMA8WWWPRAYNq
55,-3,LOVPkKKSBNCzrdIk7cSc
51,-1,Z1C5Ulvc1J7zDPDXkPd9
55,-9,D5FP3uAE1jled5FJneaj
52,-1,jWI3M6RoGuRGh1Bbm4Lq
51,1,A5tfgflAAuvTAOP6FepL
62,-7,G5T8O5vBCqp9duuutNP0
62,1,Ly4CCw6X7FSoyrjJZgC3
60,-10,b56SazXW9upgJbrj75ZH
62,-10,QB4EhgDxxPBpZA2ujkZN
57,-5,U6nSEWvVZRCNJNk6G3TU
52,-1,2Tp4aUc3jKKj8F9v5WFO
50,-11,K9Nnwbu0PqhZMXtS3tp3
58,-1,BF8vvqvQVbfLTf1Q2LQz
55,3,TrIqCZcn0MDcSxFZJZej
48,-4,wt2ESBUWrJaHIfJPhoMx
50,-9,tRHLICYeREvnJ50Q0e0m
54,0,FvUswvkOQevlUneCZygL
55,-7,ocY1LoE3heq6BkrPhnnP
60,-4,XVPFB4x1k5rBT38P1r4N
49,-3,MxOLojt2qXk4OyRpf0Lu
51,-2,W9vHBXxS8UE6JE3vNnqT
52,-10,l3FZ3a9iR0EyjpG4kkzP
61,-5,UfuAkPSz33mI31i2tcoB
59,3,BfXHjF86dDJhxxfEdrpA
62,-4,OQKrchYEqZTyedIwMQny
61,-1,tYGFtNFbPbRafIqEna26
51,-7,HbsyDQ4rEeIXgLStNeVB
49,-6,7qRvBfj8FTNRIDfcP8JC
57,-10,hHKuuVJC1zE86shOmQMe
54,-13,eaHxWIAiIWxU2S3rgopk
60,3,HYwBwzblYNK4PtkQyy2Q
48,-9,O6fGgAefi89n0f5abrRg
55,-1,NfXe4nKBuIRYDkrU6eT1
54,-7,PR4uhQ7RfWKFugCi2avq
62,-9,iSIaGIRgDCM4siAv9hJW
61,2,1kNB0S0InxswA0ZAE2Ze
57,3,OxxXEqk3z7Rag1EGGAej
57,-7,vCRlO4DgUKHn6OzYoy3c
49,-7,CQq0Q4SgIFVucdsuUby7
51,-13,wnVPFElAgawN3U5xFDEh
54,-3,mD0LKe0e8gwNlslbqIeH
52,-3,K42OxOiXoqo5OAEjp773
60,-6,2f2mlSixNq9zbsMcltTH
48,2,Py6ShtUH97PkuDZx8gtW
57,-5,z5KtUbQ5feln40i3VZar
60,-11,BXac077DC1KlSmD9QlRH
54,-7,meQp2rqGASOcgN3OGp97
51,-3,hl8ZNblSOigBKqDeu0VX
60,-8,3ToRYt38kL8FZjQm0jRp
52,-9,x7xzzADHLaZ9URpzA9Tx
50,-1,BstG0v8Ft34LiYsHpabF
63,-10,4zsmqJ0FFAR8YFWnY9ca
57,3,kUqjF8WdPyePwORaFBJ9
51,-5,ATAC73kTUPOVgMvQOIIW
62,-10,ADBcjf8x1Yiys9v3dBd0
54,-1,wVGDQBwjWI3nEUEtptUd
60,-7,MgxQACTnUXtE3UwsvbjT
49,-13,iFwvGPwlhiOlix03vDmV
56,1,zWJKyGjeoyh9nMGGXFxQ
49,3,UKtvcxf5AhoEaBKIXRO3
52,3,41urQMQmZPmTdA8aXebq
56,-12,oatgIZmXNmhOl94PEMI3
58,-4,pi3IkbORg615MGCpkX9o
62,-12,tB2XckBQfFQECzcEbWUt
58,-13,CxjolhFIB7RF4KIH3r6V
62,-2,wTXd3X7uGdSL71RjLJYD
54,-12,UmHchcIlak6ZH2fngKbX
60,-4,prQzkU45Rkm3xO4gT1hr
61,2,MuWfdGEI8YZLj4XZnlZR
58,-9,X7HGHTfTBjpcAxJfi3se
59,-13,59BLtblLcFlPLYbE2dSO
54,-11,jV4V5oYNPk0bACCKejao
53,-8,Rav8KXClmY9tzhSk9MHh
60,-12,mV9ZQ8tWR1g0B9pT00dK
61,-13,8QPZ5DTc3e3IDNWEnNy3
62,2,wAH43jk5Psd1n8DatoJc
59,-4,QxZYsoWUoM1ga9QsyxbH
58,-8,BYNLFNs83KghvXEDghyr
62,2,sSiyNYNQyiIPn79FLPX4
62,-10,tXC5SZAIO1AwjgAynaLK
64,1,ttthpcw5AnFFgv9Xa8jY
53,-11,nmVPE0h6hiPEM2s0Gnf9
50,-11,zVtkLSxFWDwoDJtl8v60
51,-13,brKQVtTQYfNO5ZOUlpUR
52,1,zEWZCoPIPjStTGbc0We4
55,-3,ZlUt2DplNpcUGhJIfsio
64,0,FUQ62qMc2xPqbbZJEVcv
54,-12,fESrFEVUmXZlnHIsIVNm
48,2,hYFuirITbpx4hoKFLhUp
62,-8,AVTJSQbBWcb4DBSFRw1r
59,-11,ZooyAsy5TncitxBNX8Zp
48,-3,ZhMi4xYkgDHaBImyJewk
63,2,qw3G4tMuO9Ci84k74dWE
53,-1,LDVD7mbDAAwNProAnlXr
54,-1,QWRlqKpnwhlv371nEFTL
48,-12,tdb9jf1Zy4n78DBwldsu
60,1,iFhjwKmSsRw1sYwFVIAw
62,-6,dJc9GGci1gMLbzeUxTwo
60,3,hD057i6BTnUequnNSucB
64,-4,71bGAJeU4OtPLGxsFO9T
57,-6,UVMdptUuEUCVy7fHfl9b
55,-6,SmSFRj4gf9fo7xbRYqaP
62,-1,W81r1oqStxmrYK0iuK0c
62,-10,FBXSKEWwpZwuaNfUwMTN
57,-11,4AhmIxEEH9mx7eoTeeCk
48,-3,YaXcUNAupYDaASdhreAd
57,-10,ASEL0tbqODDyvwTby6ky
60,-1,u7nBZRoIL7lyF0yS85QR
51,-12,w0CQURwdZ9j4rhz49w7q
54,-9,8rcsyMGtui82uXpKTgHo
53,-8,a1oF849kayzzf8ifYhLR
49,-12,kFs2b805Sws3Esg8fuNO
50,-1,Tv2GbKoAQNKCfLrBF3TV
55,-7,vjLiZuupBhYcH00YBvG0
62,-9,jq0mjaKG6iQNOD3yVcJR
63,-11,lSx3k9qH2qQ3odgbH2bO
50,-7,tIp9VAEMD2A1AV9O0ieJ
64,3,sF19vz81dGBLmktvrsWh
51,-13,ssdSW7uHeMJYDtfFHpt5
51,-13,ZeQaGhXgDj9jCUNoCqO2
64,-6,NLhQa0YTw3rdFLpcQpQ1
54,-12,4Zw0fclLGU6VQoxby4hX
60,2,vnObc1naZXdYuDTyhPO1
48,-10,06Wsqynm6BbFBPQDVqMR
53,-5,W824tCzk0bgBKy8ZFmm2
54,-2,EFMDdx7a451BLaMDqqrB
55,0,QjnpuIJ2BMghC9aToTed
60,-13,NEE7nerEmpRu6nO8JPIW
52,-6,pZ2XM3bXNiqncI27s4zj
57,-5,mJQT5V0TPsSIpzsfhENW
64,3,WSh2kWWgrrSPGrnU3TKV
58,-2,1Tb4vRhQAkO0Y9rMb09b
55,3,rjV9wPOnc4ni9SP68uyH
48,0,TxpWsMLOp1VAbxXz4zEs
51,2,CqWWZgLzKBNcrdyv13B6
63,-12,R50wCWSttK3MazjGQET8
58,-1,lqoSu5jVHAktmGVVPGJz
64,-9,TnXlS7ROQ7jA8LINwOpc
54,-4,jse3XMfBewTTAE4znw5H
51,-9,zmyIx197J222N28T9HOU
55,-4,NkQWHY9GZyMdLHFw1ifs
60,2,qLCMzXDLD5LTj60hekRZ
55,-7,gRzolYDS9S47P2iiv5eE
53,-6,gN2HNIwXH0ZrPhmiP1Pp
61,-5,VqsmSfHxOQb6vpiIyXal
61,3,N5Q6Dt35U3ndblKzPKa4
58,-9,IgfQIKAD1hpGbEelZDIo
61,3,lLpXm1IrMK7DwppgoM3A
49,-4,c0J6kNHFue6HNL83lf7l
52,-12,TlenDUI6gVGfYmFsr3pY
53,-4,42JLYTgkyh9cKss6DjTj
57,-12,NxDn6bPE9Jwqlanif6ts
51,-5,JUE8Sk72LmCdqL5hdTuE
54,2,IlGeaH4ISQ3BLnzgL40v
59,-7,xllUQI6uGeTB91kWueut
56,1,8xr2zvkwwrimk2jTW69c
58,0,ica4EByZptwnzsZx7FHy
59,-13,VmXhb4n4p6T01kEJACMg
52,-1,wtIWCAtSIMi2esG8t4dd
48,-6,TasJ0BE4qBvSOoXWvgFd
48,-8,5sffZtgmhMq494WURIGZ
64,-9,lXmNZBglgoT9JdcS5sRE
62,-8,rJjJj9IPtexjm368qUyf
55,-12,Vy2vwcqVa4FtPeQyoh7H
53,-5,GOLqHeNtRa59JtMhb0HQ
59,3,K0N6SeBZQpV4saovG097
49,1,k6sxxU46W3NeJIWRh1ZY
48,-9,JaMKqBo9qFqK9EM8ce4y
48,-3,UYAk5AReNsTzmHOUNd43
52,3,YqAtlCTAkA0NVbpEsaQx
56,0,icscSz4abesYi7DQochu
48,-8,TmEgpREakycsH3X7jVhu
58,-8,H4wcyL2YlfZKIS12qBS3
50,-13,hBGs5urxdnyp37QbRIwv
56,-1,YNBYMOMPpIB4Fp9I9ZFS
59,1,fkJLrMBkXd8cYzPTAgFP
54,-4,02BSPBBrCWQBVLip1VmS
55,2,IxPLilXulcFI7Ewgndyo
53,-3,FcJ0RI0k0onoBUBDcyjF
61,-2,XyR3cRL0QN8AXhNpfDym
59,-13,WtMUHxVuonaM7hgej4av
56,2,QCZA9lcRJo4J6QEcrPOB
50,-8,s5bcY0IJ9TdxwZGYJzKD
56,-13,iE2r0Ux8Vg4wT66pZnyX
49,-9,aUgpTx1TDjWpGdbGgG7R
57,-2,HjMGY9Gk20nnaKDJpCM1
50,-13,hEZVTugZ6furHGnnLgG5
51,-2,p9jgUSd1vsarQLPjcJGQ
56,0,EYa1nnPrUjNCcUwAvmTo
58,-5,eU4VEePWqa1BN1nydpWo
64,-5,NbEvtquNebHmPEGbfTU3
55,-3,wqxsECe191q7vhqLSRpK
52,-9,O3QVbnRFIQ22g3RsR5Q9
48,-8,kDzsaLzxhCQ1lYh5Xt7B
48,-9,6IBd6ODRC3QehDceNx6F
59,-9,ZR2YCFBNjuSKoBYSwke2
51,-2,2JzRKVKSv3w2fhb053dP
57,-3,PwvJxQK993LcO34Z1SRw
58,3,pQZgB5hJOmjebki1T5D1
49,2,OZFxYBVWtaLB9phap5Lv
57,-8,XOsyourZv84xoXmidgcV
58,-12,qyLDXbmaBpQq0bY9cUgh
48,-4,P9g4uTRBC4PKUDRvk2f9
50,-6,uzJOR4HRDJF05XzwYoTE
62,0,qEeZQFuA3cDsCk6uhn5n
56,-4,6AonjqJxpNOkPlZucEhr
60,2,fbyeLL8wQb0xdWRj8lmY
57,-4,yqO95qXPHP1W5GEKMfD6
52,-9,yVpoXlwZy7clR9JpVeE5
49,-8,8ybznb86DqgZk4pBGt5R
53,-8,C8vynSetn8KCthqf4CC4
51,1,SJI1C3wYw5sGDdDY096s
63,-9,0ie31VfaHxuoRcRP7ldv
60,-10,QiqCDc6ACIyxIqtLcMVd
52,-9,FnQAdfKcIROB8Pxot6xM
56,-2,rYdw07zqjM6W1yLBgw0q
58,-12,l730BvOGuNTXczaqYd1D
56,-2,GtLwlNR0KXEuQJi3nsXq
54,-10,t7SRALo00MtOlKYQTllj
63,-2,ZafEzxtAiWEVWQwJbbUl
49,-10,Aa0vFoxchZr5FkhBSLTY
55,3,wfV30HUz2JpwEXd0JxTX
54,-13,jxZbpQvZlGiyfIrs43df
57,-4,gLrRURK5Brs5AcD4ozxo
62,-13,AAdG9jXi58tlVoJ8GiEY
48,-7,FM7pmw6QzaOGcG6SfXp5
50,-4,igNcIpRTFmDQYGrQqF28
56,-4,paiZ0dTK8aKVHb9XI2wm
59,-12,SdShXD9kKelBLXM1Enkn
49,1,tE7egXgEjm2R97ecaLfr
56,-8,wRLhGZPC0xMYwZz7QakT
48,2,iooFoYC1zFs0KDOkFVWY
48,1,pKbcEXR3Hb5ouWTQWe9j
57,-11,pkUWGyIyRSHztnxrOSR3
53,0,GmxYErZnnhxhTpUwq6nL
61,0,GZ7gEmEqizOENp55WdvX
63,-3,8PB9SY8LnTeMULUdG3YX
51,-1,pRD58wdt9eKe2QPcKKcM
56,-3,AXD9ZF9T9O1fmaPT2VuZ
54,-4,mMOuMZ92h3hGR86j1MPm
55,-7,BYTF8uxqfOh0PpWpHtIU
52,-12,6IkKuPQ5eRfW5EqkL3Dg
54,2,44Zw5dFmng03DHkDujHl
57,-7,wjNN2oCGHSZfwmXSOwug
64,-8,ugmBWIMjFAaIMvzOMryY
60,-2,nzcVBF8vvPoYKgMsXGj1
62,-5,IRE61WXHVVo52wng3wh8
64,-7,zv1FAyQWZbWbpIcue6C8
58,-13,K3xDuKBDKuRBN8YMveuG
54,-9,CVC9GTgS9TNDml0LIn2w
48,-13,rRSNTAIMiruQPcH3hhrp
62,-7,ZEJ4wlGV1Tz0hTXtZ8gY
59,0,khIMSBF7Gp0FxQHDYu1P
62,-2,KCFYLDLG453ObpODCYcw
54,-9,ALmJw3GQ8sHzgsdSfXgp
61,-2,USbi8y9VVU92YUqfKdfu
49,-13,sOcjGmIyiBqmc16IMIzu
50,-8,XWN0knYOznCFfc0gSnru
51,2,8ex7gQg7pFoSgZhh4CeW
49,-9,yHCLufu7x83M9udK6fHB
55,0,AuRlVoFUpHOL37ZaJ4hM
48,-2,MBDWeb1bLIVd5OqnIK1p
56,-7,VcGl46zzivgWRUgRNkB9
54,-7,wzHzrXs6SVoC3mRVwWuo
53,2,oDjXZEuC1ELMIGBClRu2
54,-4,4xzAL5WiUigjo5qoTnOK
53,1,lmsfOAJL7H7MRzljIa7p
61,0,fE1M2nnEGfV62BahtIlU
53,2,3jAop9zzDVyYHj8E9dlX
61,-9,szdMaho38rkTZ245EUYk
61,3,qtM7BmAjQDPoFzt9nSU6
59,1,HUCLi1pHn686CGab5qEj
51,-10,PCX3ZICrw96sOp8El71P
60,-5,8lBjdXGCLWrbYi8d2ddk
50,-13,lLsbDWzuLlJ636wfXOwu
57,-9,9Ct4TeI8oZGeiS3zntDC
49,-6,NzV4Ot6FI5X8aS5QwxuU
62,1,DNKcShy5fOfK9nKx7gyb
63,-13,nMC3OWeIg46OcRTxFSS4
61,-4,Jw3zU4E0gMbI7Ab42GM7
56,-12,XExhVrwhxanyjdo5CBmB
61,-2,oCMf3jBeSAcYMKUKrtvY
61,-13,ayQSA6yG5uP908ez2AHQ
61,0,rKoINeNHPQTBlTpwH1XI
63,-2,uox4Pt74L0icBdXaKSlH
60,-3,H7j5FgfKu4N2OxkXF2XJ
64,-5,dhpuThUPffctljBI1WZW
55,-3,ZbwTyTnXcKXfYd7opPnM
57,-1,nF2xpwDWuLY8uRtJly1F
62,-6,rHTaPnjAtzsuAjbjUsfM
54,1,gCGY20WJ7BM1nwsuHA4h
62,-9,0czdgXwZTUDJJb43tYIY
48,-8,dI44stqaR78at2agG9eh
59,-9,HdKzRfaXoT5ldeqzQG3y
51,-5,XimDkoGwX89cuG12aVcE
57,3,i48ovyJCYfJBqoElulBH
59,-3,s60ONPoluLnMLgzxUIiB
56,3,zxhODTukrZK6yPf6zNCB
62,-2,hSXEt7vwW50GPCCG20Nh
55,1,hBdOeKZvBb61j3avo6tR
63,-7,vczzWbv8f5OqSdEyVmbZ
58,-2,oXyyiSsWpD3Cmofc852X
61,-12,bFWZBgWj6d4u84PfmFrH
52,2,n2Rc6ZdNRLHWqOEfYVWv
55,-11,MclAklVlnpzrxBf7Kepe
50,-6,W5CLBcVannW0jwi0IiTs
53,-10,Q6V8Rkfc7eiBuhqYxdb8
60,-11,rJIXso9CcXqPDoMK4lmf
51,-5,btQVIWiNMtH14VbgGBwd
61,2,LoohBUGDsTgMTgVSVSHi
60,3,HRtVMb8EMTYxn3q4yWkO
50,-5,85xO6eygAL2k8JmucMFW
55,-5,IkzE8sPA7qOBd4wFhRbw
63,0,MnTgAIUK60bBH7qwAXnz
63,-12,qKDaytszZ6iiGkmBrAID
51,-13,aV9pZLKoJTDoihNoeQ5h
51,2,cjOXhOww2W1JuU35ak8s
54,-13,4VKz8GoKd8vO9W6scFCy
56,-2,kjYqAiyCURSwLVmuZSJM
61,-1,Z99nmw9h27RzGD5YQEzZ
59,-3,Gqk189wkSxASF3MDvjtP
51,-10,LwDvY465n5cZxzpiwnTd
52,-9,YQF09f3ZLRctgq7li9Dv
61,-5,X0l4EJ3T2EScrfnrp9F2
57,1,m6Ahr3iyioAFqIO707iH
61,-8,7R9WUgCITZXi4ih4My97
49,-3,MO1fR9V9wFdmDqaUar5k
62,3,z2r5eJWb0EF4l2Hyagv5
53,-7,EdInNXumVTej7HqQjf2K
56,3,C5qOjAFJ4J1pKSufUaAW
55,-10,KT5vMbgUhACR67NPy5Zz
58,-6,Lhye3Szo4mKS2sfXbEEA
61,-7,AIaTkOMZtDd88l7TEmOk
48,-4,dPxKGOV5IxlVkg2VIbjm
52,-10,jCDqQiLtArPeiLhsHj8e
50,-3,18eMVOcy2nCB7jwQHs1M
63,-8,pvvstkJVHqsVUuoGKfGk
50,-6,5AkhOWNiLocjBlzXd7Og
59,-10,e7SNV2F1Qm6A9FHk3HRI
61,-4,sI1u8TIfBml9OUc6p262
62,-12,9fcwrP51C2eG3Xrew1xC
57,-9,Z7ChCU1RfUdLuxKNuaiK
54,-3,W6iN4eooloLE2e9Bkmer
63,-8,3rKhT4IcDyi34GrJlHpO
55,-7,WKPDHMnuwlBsig3uLAa5
55,-1,cU8lL7PDMrK6yI4HD8js
51,1,qJmRc8z6MwHDvW9EM1MZ
63,2,xa8J9l337x8TKuLimpqN
55,-5,z5ESEPTQgDFLE5hmDX4H
58,-5,ZPA0c3fYgqFdACJTgHA0
55,-12,fx95Ec0krnxD5pQ2fzam
49,-11,Ik0eZheiuGAIqWTsemHT
49,-6,q791eJ1jKfjg6ASLX69z
50,-5,ZjNiCUiTCZjVVww7k34h
58,-9,OrCqQ9LuFKRQEgHog9Su
52,1,7sokM8M3v84QNSY3KYYj
62,-11,pdqgpaxc2OWtDi5qYSKH
49,-5,rulxylwu90N3XiWWxBfK
61,-8,WtiGcxHeyD7JFzdOuGfE
50,-8,0xGaeA9azhCv8Tepe7uC
49,-6,Oj0aambAVECcM9OMmUjW
56,-9,DEAGrIKgvPlp0nVvhuWR
57,-13,2t41EzXFlv64EfZ18cMB
55,-6,qnQIcwNdeGkyp0bmQaZZ
52,-12,YCvEx2zfxWojpplwzvRm
52,1,bmEGqShX6dqrKNg9Q31z
54,-9,a8a2lNkB2ZaUIXLBm57i
53,-2,GDiUMls8ZHRoc7C5xeR7
63,-7,76Cie3oxwUgaLd7O0c8W
63,0,Epaam6o3K4njdLYNnom8
50,-9,ekMwZs5d5bY15iJ2PXTO
57,-1,y83HKay8Nku2Zs2pFimj
60,3,lwPVzc5kit2b3Bo0PZ4d
64,1,5FhIoCZPIR1VqeG0S4Bz
58,-9,ddt1bPOxPBiZbODePNot
62,-12,W5LRUOZ1mUTZFcCB2DGW
58,1,mx3R0IERUTplZDatkCML
62,3,mNM8BZmlkPVfQmMj0nHo
61,-3,sZYGzqpw6LNdgrQDSPwW
61,-13,7yFLSpHQu3QRRZFCFy3L
63,2,Jsxl9ghJdOdVKleMUkgF
58,2,GwoJwsDzYGD01dD2PckZ
50,-7,S7BNZk1JZROXRgkCfnNH
60,-3,4d4T7w9L9a9bUU76sJ31
61,3,PIJcGKek9jtJrd3QzqWT
58,-13,oWfNuS40gGx3S3CkEb42
50,-1,7VnGp71tXaj8vJJ7ze8T
62,-12,YZ62br6v3hUKEKYMlzqO
57,-7,8a8WSiL9LootyNPqkrlZ
59,-10,77LsI3Xhowd9BhSQlYiI
57,-6,BgRsSDEH1gwfjh0Mehe9
54,3,TEHIY1QWu3aBX4FG49sf
63,-3,SbdJScZLY4tEBFICNqVz
64,0,U8byyNyoEsMmm0meGeMe
53,0,AS4x7yBSF1wiAmVGUdZ6
52,-8,UxyeH3c4NUTGdscAl68m
55,0,AB4V1hSCkdE5Ds2Hg4HO
50,-1,fZnoTBltfryVIQYSB81U
61,1,QyuSYUbiae7gQzB0Ub9d
56,-6,jnDgJLJp66vWDbSgjo6e
58,-9,OL69PwKWzUkwikLYdfiT
59,-3,jS9AdMaXuTGxDQq0NMuH
54,-13,4nKlsqcJ0HAYTn4SrVHG
54,-13,G23XzBmACLeoEuvLk658
52,-12,NPRJiXeczPTit0cdbeA0
48,-9,qydJxUAEPlNEym86kQcb
63,-13,MeMci8KkqqUBeJ97u16g
52,1,LdTM86AzjSxtOUisKcTw
55,-12,YUACWN3EyyuOyPvIVZq4
49,-8,23mmHJXmRSY5v3QbuEAE
62,-9,G0PJjrtMQIYGhsUknd6q
58,-3,g1PWyKEcyRSxvf0eh3LQ
64,-8,nfNHNVK48t2JyKUCLZAg
63,-1,dNw1QJSt9Usu3aTqkVvc
56,-12,vCvhzZ8DpG6BEbHRWqeS
55,1,p1hv0K3VatXYUPdMEspS
49,-6,fjzrg2qE1kmDxLiPsF9H
51,-9,qnzGR7vUyV4Ve4qc4HT1
62,-8,kJHpciR3gnZs8Y8NRFmx
52,-9,l2NbDEJFbp1UvJAhGYB5
56,-5,7UtiDfgLQr99Nwn61OYA
53,-4,7gYNzu5xt6iYGK6iqMcJ
53,-8,vkQLp6ieGuALCNGQor1a
60,-4,zfQg1mE08dgbBnpTNs4I
51,-10,KlSwTwZonuuD5VLrGgDb
54,-4,sXO5pSjc9ptarrMxurLF
61,-12,NlGLuIhzxFlJujbcxA5c
55,-1,JCY09zVpG6cVixFueetO
54,-7,q1ZS0mbowkS0ez4tfqKH
61,-7,SSXQYkfEKvzkdgJ0S7BT
59,-6,03whmybxCLbDxWyFKPwg
53,-6,tMTocEfTXAvJ53qltRgq
55,-8,a8KQLULBjysgt8bHCvDR
50,-12,BcPx02u50aG4lwoz4kQv
56,-2,yG9ccUzA03q7TmPmJd3m
64,-4,x9foP6dcK73RxoXX58tD
58,-13,XF1BhngwLdkICx3o5RD5
49,1,Idh4Yhk1NqviZ713jPt0
60,3,EZUDdoPpnjnhUp6Wko4m
55,-10,ELDL8ZpaHh40svzDr9vx
53,-12,RhNSy9kPou5WHTBFfGr2
50,-8,6nicn8hgTYJEkwwCPW3D
59,-13,St743JRyjlp7bttGFRcP
58,-13,sAw5lFwcuCiwgJcGLUAT
54,-13,Wneb30eZO9Kw3U8ICECy
63,-5,hnIZiNxPW5bSL0EPhPu6
51,-4,9PuzdCImZhZqzvJmQJmA
51,2,1zBpgEZlxGP6fWoxdGbu
57,1,aqjNhcJK4XZbWnk0o8qn
64,-3,jZkhS6NkVqkmUlGd3Jou
54,-12,Ix7lnDRTlv4lVenCDiqY
53,-3,IxOOWTaGxZXkobMrD8LW
48,-4,BJV4261FKJtX6qhJidFr
48,-9,Nd2b8wU2jvdfkavaZ3rX
62,-7,EdWGa7Htc4BReiGj6aOn
48,-8,1NMY1vOwYSYq3kvkiX6J
61,2,OPEIibhX89eo4fmMFGQ5
57,3,U7rr39z0xTDwsLGya82E
56,-3,BAEbJSR6K0lcH06IyiNo
53,-5,TZETBof1vVMqRNkqjAWU
49,-5,VGSjA16h4ljo788gVUTA
55,-12,gu0UOSHQLWo9UW7tpeJr
51,-9,ztR5RbpnoXveF1w1sr8A
59,-1,u35J1TZL0AdfuVmTvVnG
52,-11,IJKcTEzEF7FLJsSqTAvX
57,-13,IIf9WpQk1FPAn6k1zTni
55,-9,dnb1j6Q5BtD9IRaa2gzk
59,-11,IjV6GsLbT5fryfV3rM0e
51,-10,NkvY7DhizdK63EQlKf3a
60,3,i4OSPi8OzqNYcg8HZbFf
48,-10,c4Gjdr6jPQ5A1skxY5B2
63,-3,UH2JsZRAXIjrVCujhbaL
50,-6,deSc80ffB8Tc163qdjwd
60,-12,sq6KZOaenQMFLFtnXEr6
52,-11,rloRgFLJXtHyV8C2h4P1
58,3,EScbFLdD09RFxPGCWLjM
60,1,xLc6D0jRvIlcm9wHYAPC
49,2,Sgh4A01TzTAconq03qxT
63,-8,IbA49R6yqw6Xs8bj6QUX
50,-2,J13vftIDiTYVU6CrrJgr
61,-10,pTRRVoc4A2jCjWpGyMtA
60,0,9mGS3WmwNjnvtYB0ULYg
53,-6,xMFDipMJD7xp7pHICGnr
56,3,m1gi6fTPeC1g30C066p6
60,-5,YxckwbfrSMP85jgQ2P2f
52,-5,zEqjKwOtPhPTbMuzLvMW
48,0,xLZKNdYZfYBbA9wrAz4S
52,-11,udnqYsfXiMD4SXSlZJFl
56,-2,dZfCZKQGxLbZF21PJlam
58,3,nd4Ak2ageI8DnqXvi486
48,-11,DUmuWCooMD1D4KoF2L0k
63,-13,eTu7IeIKSpNw8lAUocRg
53,2,6YUGrvGcPQdlfqjV506g
55,-7,gmJuRLjEuy9ojgU5Gp2e
57,-13,qa2cOHlVCkCEafV306Tv
48,-8,gsqc3vmPEFJBzmdmrBdE
56,-2,mUVp5iRz9V23mv0UdQU4
64,-10,trtn9qpXlJ3KJWMZKB7V
55,-6,8qLtbMxxXgsLUd2WVSl6
48,-2,gCLkbDmPi4wtIlyiBnOA
61,2,kWkk1c6LsnxWmiZlkkso
57,-4,UJXjpnyD91R2UyBRRLbg
58,-11,49TIscrGw0MzHJMo2Kmr
60,-13,h1w3g1VO7pEWCyPUP6YR
50,-4,J46zP933hoCTl5Eat0iK
53,3,FSd8UJ0oZlIYQDUeqt4W
58,-13,lMTsiImYqtQTxYhqcNcQ
59,-6,cu08SbmB8eivtvTtJuIu
58,-8,hQe1CK4gG2tUavWdmqye
60,-7,QHFkWie7NBtIYWFrDFY2
60,1,rlAWJjFIMvTErw47UGtX
60,1,S40Dm8732p2z24F3dCEp
62,2,jfbWZNU18159cEQPHs90
50,-11,Y2oUs0oD2PyKnk2NvdeM
60,-2,dzkOfcjmBHTU1WP024xZ
48,-6,TMGyclWkOi6OLma30FxY
51,-8,SfBOv011LDxIaw21Vrqn
60,-1,N1wfoQAKyWM1JqXc8Gku
56,-1,8tH8Dmk7AeQaWxCToTnJ
51,-5,tFavId5CX09RQVqzEIv4
53,-11,AETPnfBRaiMeGCLt5F4U
56,-12,roXpELhyG86kngXLE3cU
64,-3,zieT4UV5MdMPBlkgVAgN
49,-12,IrE2UNxF5GTgpvcZRrvd
51,-7,zX9JHt2jRcu8kq1f1rZV
60,-7,2VsZd4fLRXPI6XAviS3F
50,-5,vrIXuuj0Omv6f81SPIup
64,-6,ajmcbbzySPzgi4DkXf5B
54,-7,8oRqPc3IdP5S0JflIedw
57,-7,tynJMPtaB0vp1qdikJKZ
61,-3,uzJwK5LPzU4WomhVZnV3
61,1,NM8Z09gQcTXUK7Wtt0EJ
60,-8,tgpTDIFNNSnqyQs0HJzY
61,-7,D6XGafhNoLdnFOyUNrOa
61,-10,N5HWyeX3XmlqyRRWCNGv
50,0,IqVj7BDgDitOTogC7wbF
56,-10,5cxQ8EZRGm8BK3fbEOoN
48,-1,VGbAPywRnCfz90lID3FE
56,-8,msXo2wZwpBWpyVf2mFIu
61,-9,Vr1EgxBbfSazph5szBYy
58,-9,vBek7zF6ZZrAeqI3gHLA
61,-8,h4h4bvyQEKRQtSpRjHDR
64,-11,KzqOye54jtwcIZNGhfbW
55,-3,6B8c7xFHYlIX0kCHLzxe
54,-6,ipMHx7Jza5PZ04APdHWq
49,-7,una4hAHjqGQ3LLjT3iPt
60,-3,fuUO6EUuCqlsX1GQ4w0z
54,2,tvwe2QJYgwtU9YlJWxG2
63,0,AGjhthkPI1MeiZON6ekx
48,-7,7a8ZtEGBzt1LmW4wwU7P
56,-2,Gk4KFoAH8t6dbr3NrDsF
50,-7,ulVUsc6EVmrhh0ZNTXs4
64,-7,NVnqDVtdYFY1jFUelq0x
50,-13,BELW4bxQBD6Xr0TR2ZrN
49,2,zArMke8Icpb2zFZ71SPP
64,0,b0qUZFdKsHxgk88eNdBG
58,2,PcfxYYhKg8xtK3gD1mi3
64,-6,w5KnVQQb6PjK7zQzBS46
59,-13,m7V6gOjyINheZnQucYcP
56,2,50uvxIzjQBzBdNb8SnKH
59,-2,N5F84KwHGgsyRqOQFioh
60,-4,lfWM9jvA8MKfnn5mkzzv
56,-12,OVXKVktNNnrHAcmibX48
60,3,iFb4VWCrXOMqBFNg5eSl
52,-6,RfTIJ4T20qgMxtAHMihj
59,-11,NGJc4qW9nssG5Zc6N4m2
63,-11,U1fVXAYP9RZYfSMgwQoB
53,-8,BP7iX9FQpJeTvWmQCrW3
58,-1,mzbpdhyXc1e6BawKinzc
56,-2,90nPP5QygURriuAEQEcy
50,1,0KBmxMBvW7BgQNLl2xHc
51,-8,UoaoF4SqAuocPmMVatIX
48,-9,ccLFpRpVbyfEo0JER00H
51,-9,5tExDmYTUKAXTx5H0oYy
63,3,PoCLufIklLP4qr9YaNUF
57,-9,pPQZXX9hd9LUPmQIUiAc
49,-13,euX7Jkpbx6gB5Ymx2nJa
54,-7,TeWSLdsWFXaZbKl7z7VX
48,-6,tBBnXahetQfudmPncv00
63,-11,JdbVYCCZ0G46nZBfsVGZ
60,-9,JrdvjxkBRLtevORhT3vI
50,-12,PuGZ5JRkq8FLNnXCsnMy
61,-2,OuThMevFfE0raPEHLwPy
49,-5,ARgB7PI9KVVjCiNbYwfX
57,-12,k2I2Xo9q9x59aqQFOinf
52,-5,f1VgAJK90ePWRWbi9XZN
60,-2,KuBETqY8XJ2eAB9L0DDg
50,-13,ZKptO5t6y5v1kVFKicpY
60,3,1Bz6DovTmZFjqTUEtPRn
61,3,VUuu76OUPkMvQ2SIgu9f
59,-5,V8A6kqbVgVOMpZ34LM0s
63,-4,wbjCJYXX7crU1qXWoNGz
50,-2,BuMxEwEjMhhoAl9olAAF
59,2,DoDeNKsZhIxbulM5WpjK
58,-13,QfMa62qRv9lLVpgcIO5E
61,-1,ELMjWgRpPol2Sxx74SCI
61,-2,iY1NJnZlyRytIRilEKpV
64,-11,85OIcE1d4pEZ6GzK8s3i
58,-4,JR26QAm0TPbghVs5JHOr
61,1,XlNZVhVx4Zb98djmaAr6
50,-3,Ye2z0pTpUrEnovPcPVhj
63,0,MEdtmNkft8KfQlyDHjpk
52,-7,17lI9NsY90QWWZiCPwPQ
64,-7,OGLpCjRBvClS47QAlSgP
48,3,B6s2uvfcO4E1NClZaP89
64,-12,9C17tmsLJurZa6dp0Zzl
63,1,KBuEfwl2RbhsM16evAS3
62,-9,TO2YoFRzvKlLL79HDLsy
50,2,SJQveXlrXz6ecQcEIQB2
63,-13,y398sQXc01fQAbcfb7bN
53,-2,dEKK0cjcerElAw21KbFk
48,-11,hqCsc6jffQagcE1Qzt7z
61,-5,set0slfdzhD14765lsve
54,2,QYr3NcOzksCMY4U9Ma6f
52,-9,zUc12zbJf6RNB3A2Ykjd
49,-13,ZVvM4uRvvPI3WAwCNtER
57,-1,V1sdSHbe7X8Wdk8hOH5v
60,-8,7MR180deM5TmV1NebQYF
58,3,i6N9EImlwU9vORb5g0XS
53,3,ncbz1NvVSDKs41NnZB8i
60,-10,huuZLQi3IZ10zaFr3crL
48,3,soT5L7PYVlmUXcvpH03n
54,1,4KSl6cnGFVftuR53VN3S
64,-8,s8R17mwnV91uNfFhWP6A
58,-10,cGkCRTWZCc0KjSBUh2va
59,-2,s2aY2okGyMKDTl6c4k6I
50,-11,LJDrnMzDrdFgNdMvyPrt
48,0,76S4d4KjTd4D7ChPBm3c
48,-2,B72m2llXnDqzCqjzcAQu
59,-2,F57XA87TUUmcVx7NVwWe
54,-13,9imJkFTGHjyQsvYF7tum
64,-11,X29vF4HzD5cGQ0OBH3UA
60,-7,Ri5LBqOjeOyXRhP21mPe
53,-3,Ay8Uc3naB29MKFrFYjdG
64,0,halu2fwuVbWsqYjbSl6s
54,-9,OzANko9SyCWCpHdz98fb
60,-13,TDDPBeXZbLlekeATug59
57,3,3aO37ZAOFqOrOVBGnrUd
53,-6,qaZqQTimGETtC72s6LHt
61,-11,10YXpGnK4ZFCEmy3qWEA
58,-4,lpxXcNJoFXLmRlSD7Mrr
50,-3,LGqbUcETOjvfdwPN00Mr
60,-1,tJMsn8Gj2FabMBXUwBtt
51,-5,IjyfI4gwiYM7Xcdml066
60,-9,kgCnWiRXNchuYRgxDzL6
51,-9,j9Itkkw0eXHwcmm9Pmtu
57,-9,M0BUkThErYA4GEJPxLcx
51,-4,TrqtHncxI0IyFDL9ort9
59,-3,Wz9aHBUsZGoI1x7Wdfha
57,0,2P5kC6fS7TZvmR93YMPh
56,-3,NsnHb6z4djIo3bvaJbYi
58,-7,NiCGTQ6jvVASKKYzkhoM
57,1,8ayhyBJlrl9EfSfwRLIw
53,-1,qr7JcJMbK0q7OLQb8Shk
60,0,8xECZTTNx27IMg4TykHp
53,-9,9AUlduiyNylwm99lbxFb
56,-1,T0oTnqyPv8n4znT4YyXb
64,-1,GVJe6M6xwe7VHzKOtv99
53,0,xfIsgvGRgYD24WCQfdl7
64,-6,SVNPkILY6Wtzda5r7thV
55,-11,BmG1Ignb1oH81z2qdk3n
50,-8,nr3lF55PE3tZUIbUKvrA
52,-8,r1nrtKr0aDmyNIn9cMZi
59,-10,qraeN523CgdwKBSagLeV
64,-10,O281JtDYd37TVnLWMoti
59,-10,b6zuac4mADLTPHAt6sv2
51,-4,AtErdRzdfjKo1STO5cuH
64,-9,BUv6pWZYrSgM6EjxQ5Tj
57,-7,3JBy9t26CozZU8Pz9MUk
53,-1,pfEfNlItpyoymacuG8j5
51,-3,i2kjSMQm6FvhvbT4cR0a
48,-8,NAjay5cEqoRqGGaUQLca
57,-13,V9wLd2IKpAtlR1ryKrq8
63,2,UpZdu93v3WTjYlgi9W6O
62,0,JaYMSQ5LHZKbb1bAAMUR
59,2,b5SO5coK1gbRK6ATmy8n
55,-6,yzjjEBDeIScLLHJJ5inC
59,3,CB6hRHH0Lsxmk5QDmXyY
53,-9,5GC07XsjrQFQ9CsmrtxO
49,3,gnbKHRnktXnNWofJqHwR
59,-3,sMvFD3wHpJAzMCrFtsEQ
61,-8,0S2DbvbSuLsqHAsoWHRR
61,3,waLDfOxq14nwVdxQGeGq
64,2,FL2mVY2kiHduerkk90dS
48,-2,Pvt9CnN01Fi2qWdlaN9D
55,-13,pDugnTh9etZj8AUnAWPx
58,-11,ZY0DhmnXLf6ZS2aBm5mS
61,1,og2bvOPNrNnKxA3wO29I
51,-2,89lryBDBv79iRcaqgmGY
60,-6,meHZJ5CZC3ZSmwYWsCfT
54,-13,T7XrvxFcHqzkE0MSgUpD
51,-4,wpahu9QQpxqJE2XDZsf6
48,-10,ped3HjaBhoRosltTNDhV
53,-5,zrpFLrzmfNa4U7GrmQ5a
58,-10,bjEjPnxVseUT4FJY3Mit
55,3,pcuG3HLXGIG1S3niBJfB
64,-2,9dZywHRkO7r98HWZePri
49,-5,Ger2K8y4YITrTRJlJCPs
53,2,XhcLX9ZYUfG17XUQk9x2
50,-1,oaPd8bHjcwVQNLMBnQnV
64,-3,oo30Y3VsTj61QQhMuY3q
52,-5,kXkwb9AMCJU2dTlWJB5L
52,-9,jbUJD6TRjS2ugx2WAZv9
55,-4,fbYVAJERPfqUAzqZzBMs
62,-10,OilcwBaIj2cxlFrp4vxC
49,-3,qIzTHXPKRh62JHlAygUp
52,-6,6QzZQtX4w2DtLrk0hBbm
64,1,hJdY6LWBLZqmLIpfSeiN
57,-11,ohjhymCAIKWAPyEwjOdR
61,-5,zxs7UwNNDktuhhXftJJK
56,-6,iDAHb37YzzDzBOZWxBQH
60,-9,3e9r69r6FYbDk0eN7lR0
62,2,0VubjTDDiTVF0vVks8VU
61,-9,IlWbBASgvrrIZSAoKLtZ
59,-8,lOjJRno7G9KCl8Eht69w
49,-4,XihwPzUu1GiaioS2g3qO
58,-12,VBcr5Zd8Tb1woWpaqxV8
56,-5,LvCAPDmVCCV3uQ2bwKYS
50,-10,BmKCzhLCKyQQ74IVzPF7
60,2,tiAuCQQY2FiB0okjzxKO
53,-11,IqL4epjELd1AsyKN9zRN
53,0,Ii3aQhn3UM5OwkYqzryf
52,-5,Z4z8BWPNDCkeGLIP7YF7
55,-4,uLanDr9qojZ0UIkNVxGO
64,-7,6roJobE9cqt5LHX9rXlp
58,-9,d9KsOa2Uzd7cm8BVc3Ym
48,3,gnsR9ds6DIkArT9Hi6E3
56,-12,TBHdjPPX2sMXY1kclfxx
59,-3,JN5a3TFQ1QIq3Gp97YXV
57,3,x93LavBeNirxELWP1Cfa
54,-1,6fus79fmSwTXFcwPGrsA
59,3,KLixetPaL8rF0Aero3PO
50,-9,6mCQVxcZ7dz7Ec04wrwg
59,2,enkGxvqmRDoLzmIcvSXU
62,-11,aWTwhVXfRWTKjsmYeAGS
61,3,QCMiV3KEZvlRHUE0sliP
62,-5,4V1X9jWIn94eD7HJhgaN
50,-4,LR2EScCMYZ3rueaNLmkP
61,-10,gcgJmJcjGymsqHUtX6ER
59,-6,EU1M2LeTtgCe6qgkTAoE
56,-11,RALp1THnIjm7vjEt9USV
61,0,NGajH7jlnfx9fZg0zMdA
48,-13,y1orgs0CFzddn3dMXKz7
59,-6,1lezWKiAPddpVRvIryx8
52,-12,K5MDjXm6YyUe5vo4x7dH
61,-2,0M9OFRNiXKBH5srmtNEj
53,1,U0ZQlOj1uVtfAlu0diBp
53,-12,t6NMHNVEnaLU1BVNw1yE
55,-10,O1QV9BR3UCQCktmIGerg
57,-7,3GyJHV6wfvhfbB1nrQs0
64,-9,ez2HUnmSSVzJklvNosKJ
49,-7,mhj4Pes5DokerJejAAg4
62,-13,d8Di3A70vAMZHCuVnncs
49,-4,MnjBzfnV9yLAhUK3nCf0
55,-13,floItXXKaHK3SeDp7teT
61,-4,LIbbujlDWV1VmI5AdHJz
52,-3,zp9jY5qptQtg8LgvmVH8
62,-9,cvWCgtzJQAYE9bUDiiRz
48,-12,qGMWkUN7qOdincFFmLlN
50,-6,jb9UJjfC1xRcBD9x7iPx
52,0,xJQwIxdAorHZPoOq72nh
50,-11,YJFioNS5y7XknuK4RkRt
59,-1,Z7hN0PodeCXE55oI68SH
62,2,xMkcg9coQtppovEDNjWE
58,-1,wMGm0wDuHsrlLIn3gJq8
51,-9,TPFZ59SLQwubyBdLMxan
64,-4,PFCrIDhGcFssoEL6VQVs
58,2,JE0VHKoKIEHd4ebXnwyv
48,0,MyOikdBw9yu31GxCUtHU
52,-12,ZX7QDJa1Am6BVrclBEi9
63,-5,lu4p48dBTU9laWOC9sWQ
55,-4,j5FPjLwS1WahgDrXrIRV
48,-12,7nPdx4kp86PfYzqMKUbB
59,-10,baxt1hJlP4clF4e8eRAd
48,-5,O9nHD609Wmsk6uHT5PV8
61,0,ShuDdE6Lu8ZUZ5OPWFIw
63,-12,zq67dEVAtS2VpLYiFYQB
64,-11,lJZzENEgqfuScHMvKRJ2
55,1,sXG6xHknsOS4rItIy5gX
62,-7,1Oi9fv5nnohbfANbMTGp
50,-8,9IGujUnotzVnFDDQSySi
49,-1,5ZUbyA3qdmmYG3HYKMiQ
53,-7,Id96eqHCcVZso4JeXVPe
55,0,XedMXG9pUsN2GFkpD2Tb
60,-5,m8386Iz9jcQeAmFJHrjc
48,-11,7V6GGxgrkZzm1OoWf1aP
64,2,nacuPxC7gkHZh4103bWO
57,-10,KdISsDoSSL8EgHEgK9Sz
57,-8,M8vCZ0AhRTTNbrLImM04
63,1,fTbFC7EkQXa92em0pjuX
64,-5,DbuwMWcpI7olUWZhR8za
51,1,WCOQJYtj9R8pnBzncxkp
57,2,4JuIMhZDZVOp2St6blDZ
64,-3,fseXo4Q4CSR5s2CjVL3R
62,-9,5ww5HvqbmMemJJ8vas53
64,-2,f6VvRabhPqB74TipwbCW
58,-13,6PkkGSxvd1nMcVT10WOn
54,-9,FFeFxkLSgkQQm84dcVSO
64,-11,TiZFXe1K4bcudgE7YORm
52,-12,zsy9CEU3BWDhKdfgCqUF
50,1,UD11qeG033DnbFgh3CD0
51,-13,f2BatuaBjxFJAIBXUfAp
54,3,ZVWAOiTnWb0PuKwRBC44
55,-9,Zadeu1ynudcxsjWiW30x
50,-5,ce6NrZtNOqUENEbELHcY
60,-11,97LxieZc3Ci1bExJrgQV
48,-11,rRPQ7Q8hJ9viObPJd1g2
55,0,pxk1XV0bfv102Vh2n7gS
64,2,bK0N6sRIambvejJQexrX
60,-7,pvfsV3Oj1cveeMo58iQk
49,0,Ew0OsSr86XMkAu0bw1TH
62,0,YUF3w0BmHYe7KHmMkgfC
52,-11,QUesPos3MlEU2AmgZhRM
51,-1,gnJyZxPGMhM0Gxro6uit
56,-2,m2j0jL2s38ilXcdmDDqa
49,-9,ZZYslBy5JtPDDnq8JZhq
60,-8,sgcHFxyaPShwhkLXc7tB
64,-7,TWdC2gipBLzm5D2ABk3f
57,-12,9lMv4ImW9QVc9dncZL20
54,-2,iqXpG85xyAAxTQeRQIvu
58,-7,fSeBFlhZyA8u7Srk0JLp
58,-3,w9Xtevx1nXlewJbchwg9
52,-4,BMx6HZOLvwJiDDGygSaO
49,-2,dVFyOhc1PmBh2uSVzyFe
51,-12,H7vXInO6jD4GbJDOp6ao
62,-5,l5Ur299lXlFyodFW8GzE
59,0,39Zo9GqWzE0opTyKCXr8
58,1,ad3AjhtjKTbPrRA64bBF
61,-8,m8PolH6wAYVAtBdT3UzL
53,3,5HVBE3JWazSM1rvGldkR
51,3,TCALWBh1BKkTnA0NZ5hK
51,-9,3BCnZDLus8GJAEgZAW1A
53,0,QMkXLIouhIQj6TaG8SOd
54,0,pMpu5pAxDTBxGGeKYgKh
62,-6,jxoLehAvey2YPTTvs2S7
49,-11,fFxKwge7TZGdzGhdEWMk
62,-12,LACWE0GOrf28rg8GMiqN
55,-7,TCuJI8eCiY9t4Kyc4vMs
61,3,enKjovZEmgCVlhfOWA9L
50,-2,9CmlREOQlW0XoUmzDbPw
58,1,BhkeXvbdJ90Pa5Ehkcj2
64,-10,Pu6AXpNlrxloBOQvkCfG
62,-1,xLIxXy9aw8jOfkFqsnaY
64,-2,MOyWh5IeP2t8t2cJHOdx
50,-8,uyQTzCO0z54IqRT3wdfq
51,-11,62Nx47lSqWFCF8MnHS6K
57,-12,ZewJyNRZD17yASoi2pGu
54,-3,rhQolHttXtI775HmAGth
50,-13,Go7OX0OGspEjidHztGV9
63,-1,8GldLTAUERbdofz1uPus
63,-6,VVmY52K4UMF05eCFmKeS
64,3,ZifyOBlud02DuYPsjiCy
64,-3,GXmlFZBhgQoj7sFp4J2c
53,-13,Pz08i9UmkTrkLmCrmbXB
49,-13,6odsvB6LaJsMpAxpzRol
55,-8,LChVjyGUYCVy6AE2rdLV
52,-6,OywTKInlaMKXLwCQSALH
61,-13,ZyAxPhGapwaP7dErARSa
49,-11,RzaxJtwVA2hxaN4L0rr6
62,-8,tXHI3sMhyu5ADYWpfLBQ
64,-10,jwyfahQO1txvADPSqhmQ
48,-12,GZ8JCaZEIRNIGUBqW58Y
56,-13,vjQPngIaFmNICru6gDPN
59,2,Lh2PjcHWcNBEdkPj5Z7y
49,-8,vE9GkcvEmxDMvbM42ruZ
54,-6,nd9jT6WArh4DgYltJCvN
62,-10,gN2piwC3wAFDozcBhfPC
61,-11,rXjUL46SFMTm6SREElSz
50,-11,ntEwUQ5opKvoT91KBZi9
53,-4,oahcJbBnO6EVsDZpdFF7
49,-1,cQ1VDVtMnEr5Q5C1z6qI
54,-5,w1oi7BkuNDJ9Sccw6oLu
64,2,EuUnAWUAwDLd592rx50E
55,-5,2xpZ06d4TgBIqUKEbkAv
64,-1,OWdtg4vUbGtBVybeIzGI
58,-3,Q6t4MPZrnk062pVGkfpq
63,-7,fmhHtQDMo7wwIU3o58cT
56,-1,nRQ4nkB2EENnPTapikfr
50,-9,GBi4ZnoYLreTQ4sDNVAx
50,-5,Yz06fE4XhHoKd63bWP9m
57,-10,ukPxkfKPJdvyuMmaWWBV
53,-7,gCx1VPapBJDqr5J4jGDp
56,-5,I24Whb6A9NmAIMz77xcy
52,0,Z8ph6toixBa0DhKcbC0z
59,3,IkeyjXnTv6p4es0yvBrs
49,-11,JswcU5X12GflY5YIK4Oc
54,-3,evcOw3inu96K5fq404Za
62,0,v0uatcgq7brO4bgU4M1T
55,-13,W2oTn3Ujl1szaYlxoNWX
50,-1,D6741k089rTkM7CNA36b
50,1,gI7X1li1LARn33LQLePX
64,-7,ba9zyT62vppMCAVLyOBj
63,-6,OjcjW4Q1araZsP2uYp7l
63,3,PVOJHzbCfFAyk0pzPvmQ
64,3,6ha9YaEpCOsZ5zO0oLJJ
51,-4,8Wgh3a2wvUBtjyJT9UQQ
56,-13,8NZH8ly4TMsuARbLxLcU
55,-1,4QLJ3sjYbvNt6bWH1ZOj
55,-6,nTGXqFAA1yzDjPrr0ISZ
60,-1,xTV8LovFY9bzB6HRutL2
59,-3,p4WOEyAhqTWqxDkFClxe
62,-11,3Oolg32OQGqAM8dquw90
49,-4,HZFwhNxAK3ZbBBkXiFWs
63,0,L38A2F44IZvLpabQXM6U
50,-5,2h9PYoHrSVGCqM8UsH89
53,2,iwXWlF8lbW6nCyUMfqcg
51,3,iWt5nTnD4mSeeWO3B1I0
61,-5,K9iVVsmPHBPgixzG70kA
52,-12,B223MVKYepROtyDhz2An
62,-1,pVMkWshKOg5AFuR8xtzS
49,-11,zYXr29v3C6JcHcsShEY3
52,3,mqmOf1sWByIL48wdzIa7
63,-9,heV7hGr88HsADzb9ZdA1
58,1,MGYImawpjGz0A5JCaRT5
61,-13,QHCAULt57PMhlAhZQm2u
56,-12,qIxuh0WRmLKAoGpEZIKs
48,-3,MX046uUDRZ1mBZdESJpS
62,-7,QkQ9TKwvwWu1xC0uHnBD
51,-1,mbZ9YFtkkwN38OSGQaHP
58,-3,To6K5bPfK1Cpo6rOxDhl
63,2,ecFm9adEQXponvmibZjQ
64,0,0IifKkItejvPhWnCNh8a
55,-8,3Dz50Htok4EJNfVK6pip
48,-11,UXFfqVfGFMuDiiQHNFpb
56,-11,XYuSQCHppUJbd4vjFprE
61,0,Da8JMUzlMGg4YqA9VQ3x
57,-4,ns5YXVz1KBKdvYGiKraZ
57,-1,lscg9q8hyqX9nrHk7Qia
56,-10,A19QqxfWJu5GIDRVuVxX
49,-3,A5e7UqN7uo1s4s77MbE3
58,-5,2kAWX0WJruLGgx2hCAQB
59,-3,9y6GAYCgcPJp1xNPH8l7
54,-4,5Of5o1kxldDcWv0N8WU2
61,2,yDyhoOgNGs9XIwhZmKqw
56,-10,i0WpPOpge0J2GSzytBI7
50,1,KmGIJj5jgzeDxyZRk4Nl
62,-8,7iLveU4eaFp1iIuWoIj6
57,1,xJWWKPReMhsGKxPtXnGH
48,3,jF3E3kqQ7P6vl7R3LPkE
63,-8,WX2noGQJliSDB7oj0RDB
63,-13,kMBmODJPOp2B2fNgoaYj
50,-2,Ac76Gkurx7V0XweI0L3O
62,0,XQYMW89OqPyi8FsbOuvr
50,-9,BVdqXdYw9vjGQscWDcA7
54,-1,5vLSFl7lic76VJLMr2SW
54,-7,VsCNRaQeK0wcGXHIyCG3
57,-13,Gi5OaQYQXGRjJroohb5E
62,-3,YfRm2RogrhMCjVIwGxXS
48,-12,Y22s48hFwkHrqdeWtozQ
50,0,NE9cz9J5A0oSNLdK0Nun
57,-13,SWKcuCEZy6SEYvpiffwx
51,2,fMTAzl1cOJpgSDgoDhbH
60,-9,2jz2wUKVW9ekqTUfK14s
50,2,SAHZwnRJxCzIWhIADssu
57,-6,NsH34pjrn9RaMECpwU4e
62,-5,qUzY0L1bgCkOCjlxYAkV
59,-10,G9aVYb8dGSy3BqCQNAf7
63,2,Ol2qm5HRKFqQItShAdnH
55,-1,E5v7SHDH50JQ41FOkWIM
57,-5,6oY3srsPjXQLyxDILryf
63,-7,nYU2zHPJiwpwhBtKSzA9
52,0,0CwXy9ZwIBdS9qKumJgW
64,-2,GidkQkl7KScxg00JPm66
53,-2,GQA3cvrWOYspj0DhM6kJ
58,-7,PZDQ49V5OALu0KseQwWp
54,-12,avb0TO5nhZZ66JaiZIKN
58,-6,q9TadFNlajEWK746BbF4
50,-2,DEPKSksrcPEYpJadwiBI
61,-7,rxocmvhN5WKsucJOBJmB
52,0,gzwW9M0sJT8ylQl1va4v
59,-9,q79vZ3lcYnotRRNvlQdQ
61,-9,0UhSwB2YBmiWYUZKwwyR
57,-6,TqBt3KYec2pop944w5qy
58,-13,XrTtp3EbfOFrBWgcVv7Y
56,1,rf1F3WeM7xfkZX2tg3Gi
57,-7,t7y0ExZQjz9gNA3qp5Eb
60,2,ZLjl3FVZyGzckWX6xaGF
53,-6,OOiv2NLrfTCwpHpLTIAh
50,-13,vuajYabjxWG9HYNrt4kz
50,2,OoLI9GtOUIrYOrhqFYrZ
57,-13,o8AQfNhGmvdliExLjfC2
50,-7,qZ8YNj0athrub83G5H5Z
62,-2,HpQhyM7O2GKu545WcT1r
55,-10,xBX9zvcIdwcsyeYcDJlL
58,-3,it6r4SYQ5WwKOmOUbNrF
54,2,W7lOSdJBhMMTUv8RtPgz
58,-1,PsFjlAFbyKNlpnJbjk8G
54,1,58QnJ5paYaiikb2SYDCC
63,-6,avbh1cXxGNN8UQMuarFv
55,-12,DwJxIl9dWGznlwxx0o5a
49,-8,kJ0W8jEnJnxljCLXMJD3
55,-7,uWw6ZiTR8dtUg7iWJyOL
55,-2,lDD9onyhTZXDUmek40Uo
53,-7,VC4peMW85HXRf8Mp1rog
51,3,CuCWMu12RaBVvETqUjFX
52,-9,LYw3NMBKjKtIBA8PtI15
60,1,M57obNikMEmbDhIp7aBe
54,-13,PnF92T777rrLc41L9dzb
64,2,al2B32JpC7o7hJYHQCsZ
52,-4,NiRYz4n4lwFvFUZ0t5bz
62,-3,49uA4rxN8J6J3NBw7n0N
57,-1,tZXMC4Y4yYXZ6Dmwr1lU
62,-7,T3HDiQlMYKYLB9ioJAj3
49,2,oR0Dfm3a8M6fhyql9Clw
57,-10,93nQtcjHbutWZqPnN9d4
55,-4,hHn8CKFcb1mwuogT6Yxa
50,-4,WTaojWGRyrSpCrEQh5qd
58,-5,UWyx487du0rJ0LFZBd4w
61,-12,1R1tZa3HTvbiqpZxy3mW
58,-13,yHFIyBpem4kqXzkJBTjb
50,-7,4GYVV2YgiZJF4rEkrJEM
60,-13,wQEHM0EQWSAbv4U4DrTl
53,-13,owyid0930TG18v6hnN7T
50,-3,loofBlVxmKewfIyvdnxF
48,-8,iwXkd0xxdtblifvblOQW
63,1,MeoQZOJTqXw4QqUoRUDC
51,1,kwXP9pe01EM4ja3Kwg0S
54,-13,k2IUKYzEvX8uhBAsRMFU
57,-5,uSvViEdBGai59PHCrNum
62,2,Fl3tIFFDDbgK5Y8lyRBw
50,-1,euS7RxPceFK2df6MUcVA
53,-8,UFPcIxBmAWRLBJCRGRmw
49,-12,GKYZOWsTe9lxM3jjlXqx
64,-9,sjqEFN2B57tlW6hsgG9J
59,-7,WBfo0GjhxoCSJz2vEXaJ
60,0,f2t8vregrMHiBlIwWGEy
53,2,YRuEELfXLTFCRrP6OsrE
52,-11,y7e0tKkkJs3yoK5gmwsb
63,-6,hSxwvXKTIe4rwMmg9Q1G
51,-5,IhGweJXJJcWzhmITKInz
56,-2,d3BkKoOe3LUkMWl9MDTj
48,-2,Pf1mg56b9lSr2tpvuRSP
51,1,DoxazsOWkftTmq1pecDe
62,0,gGMuGq9rAA547VgE6XIj
48,-5,RWvChiBzbkKT8FYyJMI7
53,-7,w9UMmKuhfLP0uqbnwgsI
54,-12,wWAv4Py27x2ca2zNrGh1
64,-12,3IQSd4Tw8H8rHsC5uDh8
49,-3,ZeG3QasdeL5T307Vci3F
52,-2,HtICzTO0nxaqeBvgoyBk
63,0,YVpBDopKucujfwWQoZN9
62,-4,RHePq5UJlvKmzyU3E2PR
57,-2,bZtxJLmNJCfIyIxddNJl
59,-4,O14KHGfno6nR8GB4R1ls
54,-3,prinezMyEAl67LwgUT7n
64,-3,JF0qMwlnq26Scy1JVZQW
49,-4,GQ4HAM9D5JcIsTkwp2Ah
50,2,IPvtUAzn9F81qdjnevoL
63,-9,tbm63DED4RxhBfBMsJMr
49,-9,79hkY2IPyVvDNlimqyqW
55,-4,KliaeOs4blRy0KODrzdK
52,-7,lZ5Hqm3NW7SwXvNfKZuk
52,0,0lkLxUbeiB5Q02FL2BJ3
61,-10,nF0ZvVDFWjUwle7prII9
53,0,Il6b1EGbDABM4TL86lIQ
59,-13,25hfoWUWInjnjrR0Vv5A
61,-4,pTXbbyqCvuCkOSMZ9L4b
50,-8,V9RMtgfkhjMLsb19Qgzt
62,1,duG2ezfjP50FUVVNsh8d
53,-1,U8BkO7PZlEbOvB50oSaF
54,-3,8fLqKf70U8Bk88VNgf10
61,-13,4O77LL5XWpupLZFOBFO6
61,-1,xCIWYO6C9OPdXWWjfHoH
63,-11,5ZQACw8NJ27gOXPmtvxU
64,-5,Buqd6IPXyZ2kMzmqcVFf
50,-2,Gg0DrMTtpvz7cZd0LjTx
61,-9,wS2ROrfLRWiEk2bRMl3y
55,-12,WC8KpayEfNsFlqgKYi9f
59,-1,s9JAWzB399Ng6A6tcj75
60,1,f5OX9I4NiCEA6RVQarKx
60,-8,TZpfvjCiqnD1zdxBOQXr
63,-4,2cx4e75FRn2xtUNDD70A
53,-2,irrrJqOftE04cJZpdPYa
62,-12,S3XzieIzBrILbDncq8qs
54,-1,dFycQChxtKpmI34t8Jg7
59,-5,BX4L0lUl2MnO5FMNFQNX
63,-1,vVDeh2J8XqrWiwVw5FHD
51,-13,sEAzAPHEnuqNPlau9nqd
63,-7,KVCBF1yTIqhGybAfAGMm
52,-9,FzPATEJ1E6XDvJtlGKIv
55,2,FMjYoABnnTJRPkGMVFN9
59,-8,349hTTLueRRk0sAsLCyY
51,-8,lqlqhBMbff281i7N1OH1
48,-1,gRuE6ugr9yhiaNbWPVbl
58,2,8viAdrCEAOTBWVi8kBZy
48,1,qtqvlWDSaYC6hEnycOCs
54,-11,oMw6U1N3UCd4Aa6XAxVR
60,-12,yZ9RCiwVKaOPwgy0XSIa
50,-12,8DELkYBdLrkBujMi6356
50,2,R7d2ykAGY3Uk5Ktfo9C3
51,-6,gmS1yz5V5GZ73JxzTTJs
57,-2,GuZFpnIHud0FmVRlS1TV
51,-5,IhLO6xqQwuE11eaegjSx
56,-2,9wBpsiQEOflLQpC8BJ9z
49,3,MpqvYqRDdADWUm6rs8g6
56,2,CDoiEZNQU6YYIzug4E0c
58,-7,H1f4Om2NFGMCF10ZVHAs
53,-8,q4XuJ3N8aHXxBSLbPb3i
53,-6,TBGd3jsmozroRxT7y1eO
64,3,G3ipxRqh7ziN8KG2vtHa
57,-10,RlN7BNDh8MPexmNYSMeS
49,-13,H6Vvlztg11Byuhv0V3gp
61,-11,NuEHs5eAenbIBuRy8d4M
63,0,tW6TqAsRjLX7vszzdGhz
60,-2,loKPe5jBpCWQy0b8o2V4
54,-12,Sr60vSb7v8Q6cWNw9MZh
62,-4,lUELL0FmwYqMrYVzaTek
56,-10,PrfZXL13MPnR6PiLD0RZ
51,-7,fS5qdG29PEdK21Q0Elii
54,-11,aCxebyCTXDGHS7mRpfcW
56,-7,iCpiVfxBcb0UP5I6G82i
56,-3,51wXJ9lEGt3Fn0Ok00WU
55,0,n0sFHPgVyvn8Qs4a26jO
62,-8,CbepDQJ3aSiZ76ojIBDU
50,-9,5znLSlOfenx8frFghxk2
62,-6,S4V3SNbHcg0bKAMLthNP
50,-12,GYOKs3ow7c0OA0APuk9F
50,-1,k2M8kYqbS62J9frRQcln
48,-8,CeeijB6vh3eP6zlRZrCf
49,-5,MR9MMlkZHo5B1raE6Q6e
58,-4,0bLdazn4iVlEm6RFJFk0
57,-6,ImOyuOVQGBKn7JcUt5zw
57,-12,8Nd4AQnuYAr98EJ0lWr5
54,-4,j8qb9fIfbk1At5rZujS1
59,-8,aEbIjR2VBrcZ0Vmf0CWb
59,3,Z2wN1TCVtq6u4hIj5o1x
53,-4,P7MpjG7xWlIIsc2luGwL
60,-8,lmtQAYvCzyudwSDLGiPc
49,-4,U4qDi86IzF0FpkMSxvEc
55,-9,zES8k4r3oCPi24W4WWw4
57,-13,mCC9qDX62k6pkJMfpVVV
53,-12,WiC2ijOg2OLS8ux8QyHP
51,-6,h2JgTUSs92znYZYfxeQ9
54,-1,1BD7ODumfIVJIh5vWWrR
51,3,c6i2Iqwp7p4j4TjDOVww
63,-13,Wx6unGdMXBJPnhBa2d9f
61,1,b5skgjxrzAvbEH8luZat
53,-13,z3HsCyvyUF8w0CWAyWea
53,-12,hOQiHKNU1GgTYOngXSRM
55,2,Rt9CY7vOb0meSZoKNb0x
52,-9,R98P1k7TnS82K0bOSA3G
60,-9,XB9vnrfVjYppPhDmAMzp
48,-13,2UwRnc7KOUfE2Lk3gbQL
48,-5,GEh2c33y7nyZBEXy2WfC
57,-3,bZ3VrwGEdNEVnjCmp77k
56,-5,nBIUlhLb0mX7gyQDSlZl
57,-2,4pqEtzkxTmafzzvmUqxa
59,-12,LMtqo9eulZiqVBxI4Qf2
55,3,JaLgk1Es1bVqybgXUBN9
59,0,8pMfDACOheNIa5a9vjpw
56,-2,0zQKiE6MJlEf7Ei3Vyhf
54,-2,UrarQbOIwatJwylJxp8b
49,-1,6A5jO5tsVsVAsWXZb3JV
56,-10,apK56MM8jZoSgirp4XcK
48,-8,yZIb3WKEAc4bFvJNk45E
57,1,tP178K4PPdU740qgAaVX
53,-11,hEmsqC0wI4TXahOAkTOr
60,-7,yQ0YKosC9e3b1syIrqUs
48,-3,xwBxMq0qZOBqRaH8Z2rW
49,-2,59t2EZ5bC1EDWnlJzgnu
61,-1,z5glRJO5icFIkd8UolNy
58,-5,LZ6t9lkd6ASBSTsvmrwt
60,0,ZAs4ajQeG1nqRtc7Zghj
59,-13,pmMVGftuy06his4eGCix
61,0,wmfvYbSZyDayrlJ0JUer
55,2,F7oOkWUTC2i5uSlA7FbN
51,-9,ZXc4lkPJ4qKcjQWm44jk
57,-8,333iwwSevXXaOf7ZskzM
59,3,934EzIkVI33RWtILo1NQ
64,-10,m6b3IcmOQ2eV0ibz6Ar3
64,-4,SLuIrqlcVSrDFHY4rfbX
64,-2,JGD59vdj3vrCuKUUMkaK
61,-13,G2Q0I99sj1DT3gSQ70xH
54,2,mnds86oDRArc1wNuSnKY
49,-4,AmefvfbBlpFG3mVz391h
48,-8,CFARE6048mLKtW6ma38d
48,-4,OBBR5vBSEHBeOoK6vJWV
50,-4,cV4b1OMaubaFBIGkuvzB
62,-12,IyOXUabqJMK3mdwx6SXF
55,-1,N20AnBkyy0kSaND9US3c
50,-11,5SXmOxZqR61vUQcdNwJa
57,-9,oWgJWF6fCRdZSNJ2hdCt
58,-2,uTp0hkGS0VZ5eQ1AuETY
51,-4,yyXMHg0yA999XrP2RV6L
48,-7,kXlFhRzN1PZvOGsFSGDO
52,-4,rBJi6K8IKzAg7cWoNaPs
59,-11,PJGUq2epWShg2sdliL4d
64,-1,pXS6VTZJC9Hm35SuJlsJ
64,-8,X4B8xHWJbbInGhRtgMth
60,-13,aaIYTkHEzHLZstWIcfmN
52,-13,TNUIf7Cf8h7J8PQNUvpT
64,-10,oC7szJvgrJNO6ZAcmCxL
56,2,8ZHuM2Wm6VKukuFC1WC6
53,-13,WY8jFCKwNKG4wcivzMTm
58,-10,NV6razcJXQvsBtDbEYvE
48,-12,s2bHvxDWRADIiUy2hZ27
63,-3,tr9zL4Pfi6EftudRIYNt
62,-7,NeIT9TTEh0a8R6SQ7AGe
50,-10,gvEgmNuw1ASXgxvIxnAH
63,-4,MSJpKQxgRYV4QmpeoyR5
52,-12,xEVCTSF8mRCb5SVEu7eV
56,-1,NgKFJUKxAWnDI1eKq5Cz
52,2,tBRBRTcmrdTIKrswDhzd
62,-8,wtM4mAja0MXCDrMHIu7T
60,-2,UyUbVsnHT6sTrOJNAl6g
52,-8,ALq2x38v6WZT0t3u6Etq
60,-5,fpHRPoOAwnuMn6IY41PS
49,-7,wcdC9HN5nZieZrZfd0uc
54,-1,96VVIW14TwkHdKHj8X6v
48,-4,rAJqxjQb891MLk2R0n7Z
56,-8,V8nA3wP8mt14jdHWD0h0
49,-5,HaAuMHyyl1haDNby8eRT
56,-3,zfCNGiDfkFeXeymYtYeJ
50,-3,3yHjufOHVznxLofJB47j
56,-1,ho2CGNCkieau1TEVjJ5I
49,2,MSLobnjF2Op0dPOVCnHS
63,-3,zM5yfQuNVvAHOMakHXre
48,-12,kdz29J5TgvX9lh9fPy0H
56,-4,L99DtGMsqrtBXaE3733Y
63,0,RIMd3actPzRr6pHwmrFq
58,-4,EofYHhFKgb7Po7wFWhLs
52,-11,YkCnAmzRupjwJ7ZOBwmM
54,-9,KWFDTkx0KAondpc3Tp2W
63,-8,kzczD0QLYXm0P1nvW4dM
60,-4,ZwUVt2qomSHrOTXoeuMb
48,1,On6IOiTkSJfOMae1Hl1M
51,0,6ZLClWiLbTRg9GtFRSsO
49,-5,K87eax9BJhG28hEzqZvu
52,3,B82LOdYX2DdTsoH4Qbn3
51,0,Np6pH8LQznBW81ZONjmH
58,0,ZlEdK6klfWebDpk0wxGb
59,-11,cFW9KsNbzXD5psfW7Akh
55,-7,cLk4e6g90HClIolQZ0VB
60,-6,I1Vr85DJlq7I4Vl81JNK
53,-7,uLMWaPoDF7ngj5oNa9iI
64,3,gLMYTfJcoV7n4jx5RUP2
63,-5,AXxnYz7p2lgjvGQMRa9t
55,-12,mf3DGS99R0KrkZW9rDiB
60,-4,eQ6TBkTtdnn68KMLkdcU
50,-10,GNppgOsRmcllxu1Y2U8M
48,-4,p9I5E5EOxVhW7TLQ14JV
50,-11,ycX4eMOPB8UaM1njqKWY
53,-1,FfnDXWgnP9qlgowm1nwF
55,-3,YjvjqdT5edZVbi3NRaAt
49,-13,p7bf2yjcUOIt4v63Y7wc
63,-4,39tR3IHFCuGggmb4ATa6
55,-12,JlRwStkuIAqK94eZ6rRS
51,-5,3SnRYYwIR9ShDnl9JWNf
48,-3,c9pfZqV1IeqTTTFRQGcy
55,-4,7nJm0g9zgsDZL44QYXGI
49,-3,JleDxLqqXICaPXZZb1me
52,-11,x07PB4puLVIBHViS23DB
62,-7,WWsLLrdcqhagDc2C7SHv
53,-1,Kpwvmh29TqSe67kzAZKy
57,-10,Zc2ymZTuAoJnrfiCimJ2
49,-4,BVLxLMgmZAYTln2JA8S0
52,-1,CrVIkMBRnNgQY3hPk7Zr
56,-11,aUa21gPSMPobglgeWbzI
63,-11,pwpQIsBpCPldpmUJY5oH
57,-9,meDEIVCXLFAKsZelxYEd
49,-11,yYxWrDtW6sv7cshlgbj6
56,-8,bdfoxQ2EaPTQ9HUjEFfT
63,-7,XIpsiLejGCwFtP9YYuao
60,-8,DA7GTO4rCpaI3VYKNd7L
57,-9,Gi6GC8DxHMYN6InoQs5K
58,-9,8nUCMTSWBu56jMBS1rdK
61,-13,fe5V9rSBziI2zmqhj0NP
58,-8,YFgY2Yb56PNXmsbixHaU
53,0,MdnxRTRUuY94HfLnc9kB
56,-9,pOVQh02fJ02uaFfaM8fa
62,-11,MC9jeaS7YsQc9DbdgJb7
49,-13,LCuyoLQSsZIVf4OpFH72
60,2,ghFcIHwUfT1KmwGqoXYK
62,-7,3i0Vljf7moqvZzfde8Dh
55,-4,N0UQthXo4dkY2B9TZNMH
58,2,872BhTC8m2XHWzPBfx8k
63,-12,QByl49gcM6IrMbZLLXXJ
56,-8,pEVU48PVcmUfvXtH8bEU
60,-12,h1NhbpBdlGj9KMFKQJ1u
50,-1,SM79pX0xBipEHazYT1YF
54,-4,Q85lkhHqtB444R9X3JXo
54,-1,AysFbxNE83zxHnAfNf7k
49,1,120ij0vi9dRIDqkDAdW4
53,-12,4AjjKJLng5O6AIZRo2Bb
48,-4,durjAWeP5Jaq5IQbEwyM
63,-1,SBXm4zjqVNPjNHV7SSg0
52,-7,vpDelajErEMjQh6uk15R
55,-10,SbwUr6r0nvLy5A1jFs2e
62,-9,AGWhndxrahWrISzciKY4
54,-12,PRNvMADGdYeJFtpOyzMt
52,-9,4FiYsioNSL4qXLmCsiw1
59,-4,lmdErDyzFQjtheBY7nZm
56,-2,nOK9vtkAGzVmynEQUDXD
54,-1,yez9rkIRq4oXaFEcv1qG
48,-9,B2gRS9x0tPqvffqLtGWk
53,3,FOhAAnux1Vy2iesuZIaU
63,-10,B43baufuPPd6gx7xgNbs
58,3,9Hn9qr9Af9bB2RVTXjgD
62,-4,3FEfdiDIb6zLXkAp2nkV
62,3,LfgSCIAZMcAQXwWjS86O
64,-7,LO9gsj1gxfjAlbEtpMy2
55,-2,YJxHq62JyRJyibBF2gMF
59,-6,LAnDpjQnFEG2Ik87jrxq
59,-4,XyyuIlOCdmNd8gWq5Dd2
49,-3,JV9iKaeSxfeqiIB4f7Qn
57,-2,vvIm0i7txLtyjEfWiKC2
56,3,URRa1ab5kcKhhdZycDRi
50,-12,qXTFM469PPuwIxECBRI8
64,-2,fQkbYNli1tqToqL4Cu89
48,-1,X05N8XsEnctbjUivCexg
58,-12,muBRBsLNz9PKYcIkr0DJ
62,-10,GE0XLsL4mLT8ovcSM6T7
57,-2,sOEXmQkeslDY94Gaa4nn
57,-13,mUdQR0qG6ZYovKM978mT
55,3,S3y4a3UugW9sNwd3T0FW
60,-6,v0Dh6z3UA7eU2I1mjuFy
55,-3,dQeiFdGYpno8tlI8Mmom
48,3,DsioZkvzniMzhF8Fj3Oy
56,-4,Kyau4kXHokDGlX4VOo4A
51,-2,jelIdD1kbwHX9KpcSBjb
55,2,ROGrqmlyXfhwQx4clLGu
56,1,hSihgQ2AJozWREZ4dzL1
60,-6,X3OakJAD6ytreDiAwcf3
56,-6,FDlmWbnMWy6QfbDT7GMd
52,2,RzqyDWbC5ToatAkt6eKh
55,-1,NikGVCPSIdGWoAA2FgpZ
61,-10,ZzWx0QCTlQzreJZK5x6w
54,-9,wveDahbdeG63nyLsrhXG
53,-2,TX39J6AOxC3imQ5v69nh
57,-10,SM5JvkBiu2zJJffh7iNu
53,3,XakonlaGRbhgZdm0AeaY
57,1,U1F82dCIWWHfxotzJcQw
59,-12,rQ62hMNZNPMXlrHuK0uA
50,-10,tgRsguEexNFYjVMvT05T
51,1,dqzKFFEuSJVo1xLZdRiX
60,1,w0EZulDJyrvloEi368ny
56,-4,ks67gbNfCluC1euGbNzS
49,-4,XGH6C4tCjkc7umshf9lt
56,-12,0JHr1nSaDYcok1MO1xxI
63,-5,4oC7zBF821zXu0nrYVaX
50,1,fh5zlmTINpBWiM912nVd
56,-9,mB4GQPwbt0YmukfbyRSo
60,-10,nBlreGPXdR23fTsMx0HE
56,0,Qg2Fv29fAaSRvW2f9DUZ
54,-11,vIdxHhiyPt6Z9NADTRbU
58,3,7urmUlZNLBJ6IARbCkvs
49,-12,AghsmvYwhWNgrOJJkMnH
54,-13,cc5EyQh5RlnsbFKuuuwE
61,2,EXQ19GDgR9JmNfUwhfJn
61,-3,5cyOvQbkXqNKDeXzSEAw
62,-8,aqAs0fPaicEdSTbHPa4Z
58,0,pO8rEcXFgNEj5tpfppyY
52,-4,7msRu2RaieAuqbT6nS6d
54,-9,oewWFBFsMhrMcS6obY4v
64,-9,IEPPakLsFP9xT9nlC85u
58,-2,Emp4AVi4DqbH0rKnuijL
62,-7,4bGAyNRCvkCKxtOi4oLU
52,-1,2HyP7IV69ioutweW4oOp
56,2,RZX2kmWjTS07MivHR6aL
53,1,ut5MlR3OIvCxicFVMU9q
64,-10,1X1DgOTF6LXOhIno8ioJ
61,-10,kZFk274AeV8DG4ZaIgGN
49,-12,OH2weZeRUzk72KAXLKdA
57,3,ZWSA19T88PyAqL6thuaJ
54,1,oDqU7RxLAuaKwoDSNPhX
52,-2,92wKVgP1W5aEyc29Adjo
51,-11,7M7yvHsPAJmqinCEpEjS
61,-7,Wbxv2WRZWx48yZhlv8pT
52,-4,sjTOo9HZoAuhHFdl2pAl
54,-8,6mYzz7KkuQKTdam0iD3R
58,3,CL5j4abPAv8WqmJu6Ado
54,-4,CWerhPk6kcowAg31OmuH
48,-12,25Zkm90k6ZPwSDWPkgCv
64,-4,zx7KLbINK7J3LhEwLhhP
55,3,WBDZeBecL5saq9UsYg2B
59,2,5SBensXwCegwdcpliZyE
56,-6,4QeT2RSqj7tV8lSlhZ4h
58,3,KZnVmLAb82mVM9JX3Nv3
56,-7,Q8gZd1kV5d5Y4BoG7dqa
55,-9,fQSU9FaaMtkjfdFPao9B
61,-1,3iwva36Hw3xdQSiuwxU0
51,-5,WuQaiyNGhrCvMx1QhTJB
58,-10,0F1W5syuk3knseyntoQ2
62,-1,Xt5YUKPdKTBxwAWwMflI
60,-10,AVLT7tYjLKcA8BkrYYQX
57,-6,DNQsoYAqTIptqGE2BdQd
54,0,WZVNmTAf0OywhM1MUcgX
56,-13,OGrgfXmK2iiXebjI0etw
50,-13,4nzTONTj3XU0ioDTA2cG
60,0,KNNe9s0kPDVk8VJeXiqa
52,0,RjY5KSOmML2P54zQS1HK
53,-11,BvNOnE7PvGwDb8rJmr7m
53,-4,ged0ApibvhJZwW3WTqyR
57,-12,PwgczvwAvUafXB4esCHo
57,-6,2tg7dl5hNj9wnva8qqKf
60,-11,UlswggPFBAu9yhNz6iWP
54,-7,TxkIJpUYfPw8CVIs57Ft
52,-4,BBc3N53NmMg0Kc310qui
54,-12,HfJ6Czd8EUgoH13imciX
62,1,AR8lk2W0MJPmwLAoMmE3
56,-5,eR4Xt0AqbXHSgvrkSC2e
55,-2,rXxC0FBdf4WQW44QCNoG
54,-4,dqr88WESMwVtHS9g8PLF
52,-3,oac6YTdHWvthpWCE9fGJ
62,-3,CPYPCIGs2fg4lP7VRo22
57,-6,J8borBmvRtc7sjGnxGy7
61,1,rs4YmL9RTL1M5H5w4LU5
56,-10,cbQVgw6f7JexWef3XlSy
58,-12,UmROzuTOQbtsJ54T7yDz
54,-2,YlVTG8Tez1SA3Hw2jdQa
61,0,DU2jY8Jkf0gXdngTZnZd
49,-6,5FBYGyjkZtbgrkIV7DjZ
59,-6,eeJDSkBcYpy01l8TVtFZ
48,-13,JqwE6z5kWY7JUXX2VjKL
63,-8,RAD55lU1nADv3Sh0dPO0
52,-10,xaK7jTCwyMXCDemM0t92
48,-6,y6aoguFaOzRlyMJyqrlm
51,1,vvPw2n6ELq7djWygf4yl
50,-11,2wdqm2tvTu4ptmviQMYY
59,-7,Dlk0oIVqFur617NN8mCe
58,-5,JZzhRWbRfOn7fRIEcH45
49,-7,AurghTAhdbA6ZTutiMGl
50,3,LTOnFFGj8oOk4EEz5a55
63,-12,BLphFEr772t3HRfn65Ol
60,-10,VMXsA5dI3OPKZ0CYJGki
61,-3,P2Cdh2VufJEXWQBCNjSR
49,0,uTYiJZb7VfCEdcIskd0T
60,0,G4oQ2pytffArYJtLr8n7
59,-2,KuKcOikRYtZnFgRSSAdS
53,-12,bCke7b0ezaq0hfwdoMcL
58,-2,iLh5Az2ojVdl4QcaVyZ4
55,-12,ustQyRUh58DEIDAKlJzh
55,-3,TRjPKuSFa7DHRviA1qLv
57,2,hdnwidqvuQZJq161DIKp
60,-6,cxV2qSIRRVls4no9eelS
56,-9,7lzyBdYT5WWjh7H1TpBt
60,-7,WWbO1ZPuY8Ly5q54DQXq
63,1,si5Yvn2MLGB0MDJ8QRcd
61,-10,ODUoMQ5P8CXwTOXxA1qN
61,-1,TrTzWcuXeCKdFTCgbeQ0
58,3,p26z2xXDGkmqceakMNMZ
49,-8,ixrajkHhyNArAXLxmbGB
62,-7,gAGlQAC9hnUSrycJtkl4
62,-4,jQV4N8Jrx0T3pojzvqht
55,2,9AlhT7gbshdUhR5jCv2q
54,2,SHXkeZ2GWLqtaDpMxBT5
59,-1,uSTm8pRLcbseU3VV1Z3z
53,-9,QghqILrj6kQSO0rX9F3B
61,-2,r5rKU3xAreHulP2KFFD4
50,-2,2ua1KxniNAWflvk5p95H
50,-8,8lUPvNFyjuN6SBoYrrF6
56,-10,AAOHqQj2SQXsCX38lb4b
56,-3,cJBIv9V9ZmN7JiqEox5r
59,-7,ErpLeO10XNH1W3ZHknsb
55,-9,S5cancnnJ7km82zuL1X9
48,-9,VRSZrp1ssgdLPHPIBpUA
50,-5,PyQsHSEtuCpj1L84FPoB
58,-12,0JstifRa1trMYNR24QmA
50,-4,oMG72q1xdQgm0IMM2tBC
51,-3,BoHmn0VTe5UZL88N4958
51,-5,FxvSKOdwwujdjNtrXu8Q
49,-9,5ae8plwhSPmxDHXOg99W
54,-10,3UEMjyGV4LNLgnfhF8PD
53,3,vX0qcHC43gtJcLGXKAYa
61,-9,1Ys4Evj5R4p8nXrfzfQg
64,-8,4z1KgWGDu8kjhTLXN4A0
55,-13,e4sDHoEMo0lKTYK8USqn
64,-8,lAFbQJydS0U20eHrA3BF
63,0,wq37Y0bBCNoCPeOSMTYG
63,-6,Q8bjf4Kg4mAsyWrxXkiA
55,-1,oevLC83QG0dtmgxham8w
48,-3,4VqUkyZWJSPH4OyD2M2B
58,-11,ZWFWSBMEtLONaPIxAxdx
56,-1,K7NhBIGKNLAW6dogDbJo
59,-4,t1io4abNwWrAQiqmZONF
61,-1,nofHjgXV8gNFF6c15r73
62,-11,tadV5ageJLdbQs17sCpB
57,-3,L7CgeTk9THn9Z9uDKlPK
